ticket_no,flight_id,passenger_name,email,phone,checking_status
18985184,45274,Rakel Meaddowcroft,rmeaddowcroft0@businesswire.com,419-462-3772,N
14893549,63825,Ahmad McIlmurray,amcilmurray1@unc.edu,806-467-8107,Y
18600890,91061,Braden Jemmett,bjemmett2@hibu.com,279-902-9475,N
12720255,37908,Trace Bewsey,tbewsey3@reference.com,146-102-5891,N
14970038,24976,Luigi Guthrum,lguthrum4@amazon.com,783-165-5682,N
15552585,80144,Koral Chatelet,kchatelet5@cnn.com,824-521-9675,N
14130811,32740,Beverly Gethen,bgethen6@xing.com,547-717-4123,Y
13893051,95890,Cindee Renad,crenad7@narod.ru,327-870-0542,Y
14104572,7935,Hulda Rex,hrex8@hubpages.com,151-576-8483,N
18798819,13013,Jacquetta Cossington,jcossington9@intel.com,518-263-8400,N
15731559,26426,Loreen Alvarado,lalvaradoa@un.org,556-497-0071,Y
13301145,39648,Eleanor Pallis,epallisb@hostgator.com,216-826-5811,N
16483160,19459,Elaina Pibsworth,epibsworthc@simplemachines.org,741-708-6034,Y
16876997,77607,Julina Nockalls,jnockallsd@reverbnation.com,432-720-0585,N
16696713,1003,Odilia Heaps,oheapse@jugem.jp,305-156-4089,Y
12201407,88669,Tracee Eagles,teaglesf@cbslocal.com,574-958-3191,Y
12615369,65261,Nicoli Stollen,nstolleng@bing.com,256-577-0182,Y
14972468,56925,Chaddie Elsop,celsoph@tripadvisor.com,965-364-5381,N
14081477,98257,Regan Dearness,rdearnessi@dion.ne.jp,901-851-3676,N
17852004,2341,Vernen Hehir,vhehirj@ustream.tv,348-658-1948,N
